<?xml version="1.0" encoding="UTF-8" standalone="yes"?>
<addon id="plugin.video.mykodibuildwizard" name="Mykodibuildwizard" version="1.0.1" provider-name="Husham.com">
  <requires>
    <import addon="xbmc.python" version="1.0.0"/>
  </requires>
  <extension point="xbmc.python.pluginsource" library="default.py">
        <provides>video executable</provides>
  </extension>
  <extension point="xbmc.addon.metadata">
    <summary lang="en">KodinityBuild</summary>
    <description lang="en">Easy Install With KODI / XBMC Wizard / ##CREDIT TO LEE @ COMMUNITY BUILDS FOR WRITING THE FORCE CLOSE FUNCTION AND ANY OTHER DEVS WHO CREATED ANY MODULES USED##
##Credit To Husham for his support and friendship##</description>
    <platform>all</platform>
  </extension>
</addon>
